#{"t_start": 1614212011.7333984, "env_id": null}
r,l,t,done_reason,is_success
-0.37874,651,1519.204012,0,0
2.9776,651,1525.778991,0,0
14.96241,194,1527.773994,2,1
0.00643,651,1534.354485,0,0
3.13627,651,1540.96952,0,0
1.92284,651,1547.60919,0,0
15.2562,85,1548.503961,2,1
15.05732,95,1549.520231,2,1
0.84401,651,1556.09006,0,0
14.59102,414,1560.315428,2,1
0.59409,651,1566.890429,0,0
0.40511,651,1573.471147,0,0
-0.23215,651,1580.050656,0,0
-1.94209,651,1586.705432,0,0
15.1932,271,1589.465426,2,1
15.04162,65,1590.16034,2,1
1.50723,651,1596.735983,0,0
15.0649,57,1597.355826,2,1
-0.38518,651,1603.954489,0,0
0.05047,651,1610.544593,0,0
-0.16388,651,1617.114633,0,0
0.03569,651,1623.68468,0,0
-1.20506,651,1630.254561,0,0
-2.13101,651,1636.824921,0,0
1.81167,651,1643.409645,0,0
0.68535,651,1649.990359,0,0
-0.62827,651,1656.540473,0,0
0.32722,651,1663.111674,0,0
0.54132,651,1669.728516,0,0
15.86889,499,1674.787885,2,1
0.24039,651,1681.398083,0,0
-0.46397,651,1688.028239,0,0
0.41962,651,1694.640401,0,0
0.12645,651,1701.249604,0,0
1.60909,651,1707.824883,0,0
0.15263,651,1714.424474,0,0
0.2031,651,1721.005482,0,0
16.07091,337,1724.429919,2,1
-19.83379,331,1727.820408,1,0
-18.27239,471,1732.599533,1,0
15.0519,132,3268.515855,2,1
16.87654,519,3273.767112,2,1
15.24308,197,3275.791466,2,1
14.57078,224,3278.076949,2,1
15.1301,262,3280.745895,2,1
15.22636,166,3282.45603,2,1
15.65089,332,3285.84149,2,1
14.96888,448,3290.405621,2,1
-0.86276,651,3297.026254,0,0
14.58375,485,3301.94628,2,1
-1.89872,651,3308.528271,0,0
-24.53306,335,3311.963793,1,0
15.17506,179,3313.810915,2,1
13.24393,533,3319.225954,2,1
-20.18344,241,3321.690884,1,0
15.05936,76,3322.495704,2,1
16.25185,319,3325.750999,2,1
15.89418,333,3329.154438,2,1
15.13427,211,3331.314685,2,1
15.18946,99,3332.349428,2,1
15.44841,184,3334.245411,2,1
15.3349,385,3338.149416,2,1
12.51974,424,3342.444423,2,1
15.76566,265,3345.154786,2,1
16.22602,390,3349.144934,2,1
15.7428,329,3352.515157,2,1
-20.10746,194,3354.540136,1,0
15.26036,308,3357.678752,2,1
2.30093,651,3364.285635,0,0
15.23176,183,3366.170756,2,1
15.9181,441,3370.661146,2,1
15.19055,150,3372.238457,2,1
15.03556,90,3373.203274,2,1
15.47158,468,3377.968643,2,1
-0.89687,651,3384.604991,0,0
0.41239,651,3391.20353,0,0
15.61971,342,3394.672607,2,1
14.6112,257,3397.377555,2,1
16.11543,391,3401.381767,2,1
-1.51099,651,3407.94751,0,0
15.23825,123,4954.181882,2,1
15.12731,113,4955.362125,2,1
16.6282,392,4959.374117,2,1
16.14592,309,4962.514193,2,1
15.3012,184,4964.419254,2,1
15.27338,173,4966.199327,2,1
15.2478,102,4967.274911,2,1
15.36456,149,4968.813819,2,1
15.44787,161,4970.46938,2,1
15.23935,130,4971.823951,2,1
15.70506,323,4975.124996,2,1
15.41525,155,4976.739152,2,1
16.17128,301,4979.799086,2,1
15.38371,183,4981.684232,2,1
14.27322,186,4983.594467,2,1
15.34954,200,4985.666113,2,1
15.37496,192,4987.63699,2,1
15.72078,362,4991.316518,2,1
15.7023,344,4994.833597,2,1
16.47107,407,4998.968348,2,1
-20.29236,316,5002.213328,1,0
15.33381,146,5003.782396,2,1
15.56431,259,5006.457608,2,1
15.78912,279,5009.318098,2,1
15.40722,154,5010.907258,2,1
15.70191,324,5014.243443,2,1
15.27726,135,5015.638539,2,1
15.50415,270,5018.393629,2,1
-24.16961,346,5021.918389,1,0
15.31384,124,5023.215841,2,1
15.47953,268,5025.951944,2,1
15.51279,195,5027.956147,2,1
17.25474,481,5032.861376,2,1
15.26262,264,5035.561307,2,1
15.25604,104,5036.650946,2,1
15.44347,229,5038.995671,2,1
-20.37295,362,5042.681339,1,0
15.24273,127,5044.015315,2,1
15.23106,115,5045.285794,2,1
15.58439,219,5047.533473,2,1
15.17237,206,6600.065351,2,1
14.51258,398,6604.127138,2,1
16.08071,462,6608.806586,2,1
-20.06598,441,6613.329834,1,0
-20.47422,169,6615.074848,1,0
0.07146,651,6621.666103,0,0
-0.21507,651,6628.250314,0,0
-20.37122,23,6628.535777,1,0
15.5521,201,6630.60541,2,1
15.10244,233,6632.990195,2,1
-19.23915,414,6637.263713,1,0
-21.20051,258,6639.907381,1,0
15.06828,166,6641.62226,2,1
15.19642,155,6643.237494,2,1
14.61396,382,6647.165109,2,1
3.32113,651,6653.775094,0,0
-20.5172,327,6657.12213,1,0
15.58796,427,6661.462059,2,1
15.5577,233,6663.856996,2,1
15.01535,89,6664.796975,2,1
-20.27475,20,6665.072022,1,0
0.32387,651,6671.657146,0,0
-20.22387,127,6672.987255,1,0
15.32836,138,6674.42206,2,1
-20.71307,203,6676.517133,1,0
15.27756,90,6677.47705,2,1
-20.64653,152,6679.062142,1,0
14.79734,159,6680.701998,2,1
15.2081,300,6683.767195,2,1
14.88716,225,6686.072174,2,1
15.19092,383,6689.997166,2,1
-20.10925,82,6690.87722,1,0
15.13618,89,6691.831769,2,1
-20.15357,314,6695.047468,1,0
15.19201,237,6697.486624,2,1
13.43139,513,6702.754957,2,1
14.66966,232,6705.139951,2,1
-20.23586,23,6705.449893,1,0
-20.10086,362,6709.203713,1,0
-20.57212,23,6709.498649,1,0
15.8314,304,8258.028686,2,1
-0.47361,651,8264.61762,0,0
15.47756,195,8266.616687,2,1
15.98227,371,8270.391823,2,1
15.33552,231,8272.751797,2,1
15.83626,300,8275.817112,2,1
15.29972,265,8278.523002,2,1
15.20677,234,8280.92338,2,1
14.82431,320,8284.177898,2,1
15.23196,519,8289.448058,2,1
15.73687,281,8292.317886,2,1
16.23873,329,8295.672983,2,1
15.30026,217,8297.897944,2,1
16.8702,603,8304.013321,2,1
2.89836,651,8310.614036,0,0
16.16923,408,8314.753449,2,1
15.26613,112,8315.943143,2,1
15.16162,173,8317.717727,2,1
15.01037,264,8320.407671,2,1
15.99518,536,8325.862956,2,1
15.07255,93,8326.837801,2,1
15.31337,300,8329.887816,2,1
-24.22496,110,8331.052684,1,0
-20.04845,229,8333.415382,1,0
15.201,86,8334.319812,2,1
15.25292,109,8335.471518,2,1
15.24027,154,8337.068079,2,1
-19.87291,435,8341.477959,1,0
0.21775,651,8348.06294,0,0
15.24689,213,8350.242772,2,1
-39.66167,651,8356.895047,0,0
15.95427,297,8359.925146,2,1
16.00157,330,8363.294519,2,1
16.04395,332,8366.684519,2,1
15.2087,103,8367.769646,2,1
15.05656,130,8369.124558,2,1
15.1742,148,8370.659491,2,1
15.23605,374,8374.46505,2,1
15.55998,466,8379.190587,2,1
0.87259,651,8385.834607,0,0
-0.89075,651,9936.726523,0,0
15.20189,133,9938.106413,2,1
15.08758,451,9942.693447,2,1
15.39286,311,9945.86274,2,1
15.08896,102,9946.928218,2,1
15.66688,293,9949.912641,2,1
15.03933,237,9952.337349,2,1
15.25877,102,9953.408123,2,1
15.41358,132,9954.792396,2,1
15.42438,226,9957.123387,2,1
-0.47162,651,9963.72805,0,0
15.47345,348,9967.278336,2,1
0.2073,651,9973.857812,0,0
14.06481,592,9979.848017,2,1
15.01559,205,9981.947598,2,1
15.10991,215,9984.142747,2,1
14.53386,502,9989.268612,2,1
15.33264,383,9993.158409,2,1
0.10675,651,9999.815382,0,0
15.41398,246,10002.321684,2,1
-20.60367,63,10003.012655,1,0
15.29365,308,10006.14341,2,1
15.41669,245,10008.648373,2,1
15.02463,130,10010.013403,2,1
-22.20527,103,10011.088205,1,0
15.91534,430,10015.453388,2,1
15.08507,179,10017.293385,2,1
15.13366,351,10020.863366,2,1
12.22955,357,10024.509149,2,1
15.17679,260,10027.15427,2,1
15.13855,107,10028.284062,2,1
15.02522,91,10029.249292,2,1
-21.91843,265,10031.96415,1,0
15.41036,528,10037.304351,2,1
-0.00965,651,10043.907089,0,0
-0.26759,651,10050.480019,0,0
6.4948,363,10054.189935,2,1
15.10922,314,10057.377437,2,1
-0.61826,651,10063.952353,0,0
-0.52031,651,10070.547505,0,0
15.19471,223,11619.480514,2,1
-0.42496,651,11626.081321,0,0
-0.30316,651,11632.661476,0,0
3.19198,651,11639.247139,0,0
15.15963,248,11641.771733,2,1
15.62329,485,11646.708058,2,1
-0.15587,651,11653.338738,0,0
16.72093,566,11659.185607,2,1
15.16853,218,11661.431679,2,1
15.57613,295,11664.456618,2,1
15.27383,250,11667.021417,2,1
15.56283,260,11669.691831,2,1
-21.34347,116,11670.916268,1,0
15.10458,501,11676.041359,2,1
15.28171,160,11677.708506,2,1
15.31044,113,11678.904323,2,1
16.24885,430,11683.289191,2,1
15.27698,354,11686.889192,2,1
15.31669,350,11690.480412,2,1
12.68372,376,11694.304943,2,1
17.11073,598,11700.365798,2,1
-0.68554,651,11706.934984,0,0
15.42957,203,11709.035854,2,1
16.29112,480,11713.915666,2,1
12.33069,363,11717.625561,2,1
15.13668,176,11719.435749,2,1
15.06542,76,11720.250629,2,1
15.15561,456,11724.885812,2,1
-20.18109,319,11728.143527,1,0
15.57086,428,11732.493481,2,1
12.34472,488,11737.458701,2,1
15.37039,357,11741.093448,2,1
15.30484,339,11744.585584,2,1
0.06004,651,11751.160429,0,0
15.24829,323,11754.476128,2,1
15.16226,204,11756.56606,2,1
17.53977,622,11762.876408,2,1
15.31882,312,11766.05112,2,1
15.12663,226,11768.356105,2,1
15.08336,221,11770.676991,2,1
15.53302,227,13320.569591,2,1
15.37483,189,13322.503354,2,1
15.84834,287,13325.428461,2,1
15.3883,153,13327.00365,2,1
14.85945,413,13331.193581,2,1
15.25083,136,13332.598515,2,1
15.4313,156,13334.203643,2,1
15.60192,244,13336.688533,2,1
15.19943,326,13340.003538,2,1
15.21116,126,13341.318414,2,1
15.4238,193,13343.293607,2,1
15.25633,126,13344.603706,2,1
15.34788,183,13346.479178,2,1
15.58931,246,13348.998779,2,1
15.82208,277,13351.854544,2,1
15.70034,263,13354.553955,2,1
15.05564,260,13357.215738,2,1
15.81299,289,13360.170502,2,1
16.47962,556,13365.795744,2,1
15.53565,221,13368.060538,2,1
15.688,271,13370.834122,2,1
14.91678,337,13374.287256,2,1
15.42442,155,13375.895555,2,1
15.79625,337,13379.32053,2,1
2.43949,651,13385.918084,0,0
15.64479,302,13388.992614,2,1
-20.42121,278,13391.822133,1,0
16.01237,358,13395.511805,2,1
-21.22354,357,13399.141875,1,0
15.37522,161,13400.801977,2,1
15.12749,429,13405.156903,2,1
15.3841,163,13406.836617,2,1
15.5502,220,13409.081798,2,1
15.53376,235,13411.489604,2,1
14.36109,456,13416.204637,2,1
15.61714,252,13418.789478,2,1
15.84573,303,13421.885837,2,1
15.60659,215,13424.080865,2,1
16.67456,440,13428.56639,2,1
0.01369,651,13435.130573,0,0
-2.54001,651,14992.828871,0,0
-20.43131,89,14993.77329,1,0
-20.34179,180,14995.634255,1,0
-19.32917,211,14997.81831,1,0
15.31783,407,15001.958632,2,1
14.70594,549,15007.528369,2,1
15.2343,440,15011.988621,2,1
15.80776,362,15015.679227,2,1
-1.32102,651,15022.268892,0,0
-21.83189,296,15025.309966,1,0
15.40273,265,15028.019864,2,1
14.95856,229,15030.369774,2,1
-20.11224,92,15031.350811,1,0
0.09667,651,15037.959742,0,0
15.20315,116,15039.16978,2,1
15.10542,117,15040.390567,2,1
15.0918,182,15042.264594,2,1
15.25269,201,15044.345187,2,1
14.76036,459,15049.005276,2,1
-22.21687,260,15051.680722,1,0
15.41024,510,15056.84522,2,1
14.77647,219,15059.090153,2,1
11.9998,474,15063.908905,2,1
-19.06362,208,15066.073879,1,0
-20.93695,91,15067.0805,1,0
-21.0736,141,15068.54565,1,0
-19.81192,514,15073.812054,1,0
0.35136,651,15080.438719,0,0
15.17322,221,15082.69778,2,1
15.1056,134,15084.093253,2,1
-20.05647,452,15088.708526,1,0
-21.42005,447,15093.233571,1,0
15.27617,307,15096.353956,2,1
15.54835,429,15100.735392,2,1
-20.63198,70,15101.485001,1,0
15.09945,155,15103.085041,2,1
15.26114,278,15105.925179,2,1
-20.47914,53,15106.510015,1,0
15.04034,335,15109.920159,2,1
13.10449,492,15114.910117,2,1
15.94758,314,16660.14658,2,1
15.12445,54,16660.732282,2,1
15.49513,238,16663.162087,2,1
15.68397,374,16666.971592,2,1
15.92884,410,16671.146923,2,1
0.91503,651,16677.721955,0,0
15.87244,376,16681.541756,2,1
15.40878,215,16683.741659,2,1
15.82725,335,16687.161935,2,1
15.19932,223,16689.456743,2,1
15.47741,286,16692.381871,2,1
15.40477,228,16694.715469,2,1
1.11879,651,16701.323473,0,0
15.16642,168,16703.053233,2,1
15.20524,286,16705.968297,2,1
16.13696,403,16710.058345,2,1
15.50511,337,16713.478394,2,1
16.1233,362,16717.168786,2,1
16.08988,375,16720.983938,2,1
15.13654,245,16723.494199,2,1
15.16998,174,16725.3002,2,1
15.42252,220,16727.55039,2,1
15.38687,206,16729.6592,2,1
15.33892,144,16731.150019,2,1
15.31387,223,16733.434465,2,1
15.61171,284,16736.328861,2,1
14.70672,182,16738.194601,2,1
15.93302,390,16742.159264,2,1
15.24191,132,16743.523924,2,1
15.28613,226,16745.833963,2,1
15.35503,184,16747.78379,2,1
15.43966,271,16750.543899,2,1
15.39683,156,16752.15408,2,1
15.31236,173,16753.933613,2,1
15.24787,110,16755.083604,2,1
15.34529,203,16757.163746,2,1
15.55375,345,16760.669801,2,1
15.36296,194,16762.65391,2,1
14.40157,247,16765.183823,2,1
15.87822,451,16769.763849,2,1
14.68978,234,18328.228513,2,1
14.8409,247,18330.753457,2,1
-2.96905,651,18337.35758,0,0
15.26859,206,18339.467132,2,1
-19.95619,193,18341.467041,1,0
15.10643,73,18342.247073,2,1
14.81544,135,18343.652338,2,1
15.58995,214,18345.859372,2,1
15.22301,147,18347.380455,2,1
15.95012,409,18351.543955,2,1
-20.72975,132,18352.92591,1,0
15.73722,239,18355.383955,2,1
-21.45206,174,18357.184066,1,0
-21.40649,141,18358.663902,1,0
15.20861,137,18360.089022,2,1
15.8383,412,18364.29398,2,1
15.75443,251,18366.874001,2,1
15.97291,383,18370.769838,2,1
15.3243,138,18372.214027,2,1
15.68023,330,18375.579554,2,1
-20.59255,316,18378.798933,1,0
-19.10164,266,18381.534444,1,0
15.26717,134,18382.929055,2,1
15.60138,397,18386.974181,2,1
15.20002,134,18388.365227,2,1
15.65594,219,18390.623268,2,1
13.40685,205,18392.745263,2,1
15.30679,165,18394.459132,2,1
15.1803,106,18395.589096,2,1
-20.33326,26,18395.909418,1,0
-0.53964,651,18402.54006,0,0
15.75341,428,18406.985321,2,1
-20.18592,56,18407.619548,1,0
15.39106,199,18409.669759,2,1
15.12844,165,18411.369718,2,1
14.89087,104,18412.459558,2,1
15.31561,265,18415.170445,2,1
15.17068,78,18416.004352,2,1
15.99492,344,18419.525203,2,1
15.51253,285,18422.434721,2,1
-18.92083,315,19970.731997,1,0
-19.8018,178,19972.567218,1,0
15.53615,363,19976.266701,2,1
-20.38223,19,19976.526614,1,0
16.54755,323,19979.816606,2,1
14.828,452,19984.386828,2,1
-20.18838,191,19986.412514,1,0
15.57146,239,19988.858042,2,1
15.60795,217,19991.087458,2,1
15.70465,329,19994.452541,2,1
15.44297,395,19998.483095,2,1
-19.79623,353,20002.077798,1,0
15.28919,111,20003.247684,2,1
16.74069,565,20008.98823,2,1
15.11778,106,20010.102782,2,1
15.20136,94,20011.092622,2,1
16.65839,419,20015.367747,2,1
15.23601,132,20016.737728,2,1
15.47887,235,20019.142702,2,1
15.35809,374,20022.948325,2,1
15.60805,316,20026.157695,2,1
15.77228,286,20029.07769,2,1
15.31592,188,20031.008757,2,1
-20.62367,17,20031.24876,1,0
15.11907,402,20035.333847,2,1
15.30376,138,20036.769593,2,1
14.64077,398,20040.803933,2,1
16.34652,382,20044.67885,2,1
15.32208,179,20046.517727,2,1
-20.79408,273,20049.297703,1,0
15.30916,148,20050.845081,2,1
15.46382,274,20053.638364,2,1
15.418,148,20055.17282,2,1
14.70443,549,20060.734047,2,1
15.7301,345,20064.318949,2,1
15.0365,107,20065.443929,2,1
15.22055,144,20066.939125,2,1
-0.18125,651,20073.545339,0,0
-19.86532,287,20076.474913,1,0
15.5491,189,20078.436603,2,1
-21.83883,277,21624.137895,1,0
-1.39931,651,21630.728143,0,0
-1.93034,651,21637.308999,0,0
15.44844,296,21640.333937,2,1
14.13297,407,21644.493921,2,1
-21.97183,301,21647.558857,1,0
-19.83093,272,21650.343791,1,0
0.54075,651,21656.924475,0,0
2.14991,651,21663.499023,0,0
15.09654,343,21667.005975,2,1
-20.86832,260,21669.665725,1,0
-20.58327,322,21672.945731,1,0
-9.86793,651,21679.53371,0,0
15.67379,266,21682.258395,2,1
-1.85989,651,21688.828515,0,0
-20.69671,311,21692.003986,1,0
-3.43447,651,21698.593583,0,0
14.20098,323,21701.882088,2,1
-2.1349,651,21708.467315,0,0
-20.75292,237,21710.953519,1,0
15.27643,291,21713.917674,2,1
-2.12226,651,21720.492553,0,0
15.33063,103,21721.58723,2,1
16.01966,426,21725.912386,2,1
16.35666,513,21731.152603,2,1
2.14255,651,21737.743706,0,0
-19.17004,459,21742.424455,1,0
-19.99674,230,21744.783314,1,0
-22.38062,221,21747.05382,1,0
-20.19457,179,21748.913415,1,0
-19.57158,461,21753.593356,1,0
-1.26417,651,21760.183524,0,0
15.39369,260,21762.838549,2,1
-20.0995,303,21765.9387,1,0
-21.56262,76,21766.753537,1,0
15.68167,352,21770.338456,2,1
-2.44282,651,21776.913828,0,0
-22.24906,600,21782.983339,1,0
0.9159,651,21789.578492,0,0
15.11476,322,21792.895371,2,1
15.76454,389,23335.1729,2,1
15.14567,91,23336.132863,2,1
15.29895,325,23339.453835,2,1
15.46182,399,23343.539873,2,1
16.5534,398,23347.584986,2,1
15.71769,225,23349.885206,2,1
15.55934,304,23353.000125,2,1
0.202,651,23359.590083,0,0
15.28043,152,23361.159942,2,1
15.42929,207,23363.326364,2,1
15.08977,94,23364.3164,2,1
15.59412,272,23367.097497,2,1
0.21579,651,23373.820084,0,0
15.65144,400,23377.884968,2,1
15.51431,239,23380.335589,2,1
15.33148,153,23381.90983,2,1
15.47352,293,23384.90006,2,1
15.87025,494,23389.929947,2,1
15.81077,264,23392.625561,2,1
16.05657,403,23396.714992,2,1
15.25228,117,23397.945009,2,1
15.27449,154,23399.56705,2,1
15.32547,201,23401.622349,2,1
15.46144,325,23404.932209,2,1
15.7767,371,23408.718086,2,1
15.8546,341,23412.1773,2,1
16.24646,497,23417.227451,2,1
15.45497,253,23419.81263,2,1
1.76554,651,23426.392423,0,0
15.34173,236,23428.803152,2,1
15.33791,314,23431.997235,2,1
15.28058,195,23433.997198,2,1
15.29071,273,23436.783807,2,1
15.14764,124,23438.073653,2,1
-20.5191,90,23439.038904,1,0
15.16303,143,23440.518803,2,1
15.3077,164,23442.209381,2,1
15.41393,207,23444.338904,2,1
15.32111,143,23445.818802,2,1
15.2699,127,23447.138936,2,1
-0.89051,651,24999.550609,0,0
-21.59347,136,25000.971329,1,0
-21.06792,133,25002.35537,1,0
14.9966,210,25004.510279,2,1
16.38754,417,25008.783111,2,1
15.63362,204,25010.878314,2,1
14.85405,273,25013.668163,2,1
13.45365,351,25017.243356,2,1
14.70126,282,25020.123214,2,1
15.10397,309,25023.263224,2,1
15.48274,169,25025.036641,2,1
0.67317,651,25031.636725,0,0
14.78636,240,25034.14018,2,1
14.53122,230,25036.496718,2,1
-20.50078,104,25037.586905,1,0
15.10167,275,25040.391719,2,1
15.30185,328,25043.766802,2,1
15.17223,227,25046.086812,2,1
-0.55469,651,25052.685593,0,0
13.80935,569,25058.430583,2,1
14.74375,145,25059.935467,2,1
15.11426,335,25063.341316,2,1
-0.31236,651,25069.935964,0,0
-1.63251,651,25076.535872,0,0
15.92402,373,25080.375601,2,1
14.92,155,25081.975634,2,1
14.92017,485,25086.890865,2,1
-20.53327,423,25091.1968,1,0
15.12115,310,25094.351969,2,1
0.06832,651,25100.946891,0,0
15.35723,178,25102.782187,2,1
-20.03607,462,25107.492421,1,0
15.20235,328,25110.843821,2,1
15.36129,381,25114.712544,2,1
16.71871,643,25121.239321,2,1
14.87999,206,25123.353699,2,1
-1.12739,651,25129.95843,0,0
14.50788,529,25135.308404,2,1
-17.31496,584,25141.22924,1,0
15.12438,42,25141.703441,2,1
15.31037,322,26689.833047,2,1
14.97814,237,26692.252895,2,1
15.13674,44,26692.742692,2,1
15.03988,136,26694.152881,2,1
-19.06151,369,26697.932422,1,0
15.55568,541,26703.417408,2,1
15.20799,312,26706.597377,2,1
-0.55015,651,26713.177503,0,0
15.19988,101,26714.241314,2,1
15.1183,254,26716.847244,2,1
15.6643,226,26719.162235,2,1
-21.32586,274,26721.957348,1,0
14.22345,392,26725.962354,2,1
0.30906,651,26732.543274,0,0
-3.90375,651,26739.117481,0,0
-17.76999,548,26744.667399,1,0
16.26614,247,26747.192308,2,1
-20.09348,161,26748.882567,1,0
15.52506,167,26750.603271,2,1
2.89159,651,26757.192559,0,0
15.6527,288,26760.147757,2,1
14.86326,218,26762.382271,2,1
-0.45153,651,26768.953814,0,0
15.6094,416,26773.193671,2,1
14.98654,106,26774.312641,2,1
15.45379,328,26777.659202,2,1
-0.29794,651,26784.253947,0,0
0.66638,651,26790.833943,0,0
-20.06363,138,26792.27216,1,0
15.22594,278,26795.112011,2,1
15.96517,344,26798.632381,2,1
15.62913,229,26800.99368,2,1
15.54075,238,26803.427341,2,1
-2.14322,651,26810.012473,0,0
15.6593,427,26814.343175,2,1
15.18657,355,26817.95245,2,1
0.63542,651,26824.532479,0,0
0.06673,651,26831.097527,0,0
0.46015,651,26837.699956,0,0
14.23277,554,26843.374589,2,1
15.52849,185,28389.088894,2,1
15.6028,272,28391.858873,2,1
15.29519,183,28393.738826,2,1
16.35743,335,28397.139231,2,1
14.70452,227,28399.473892,2,1
15.22585,143,28400.963837,2,1
-20.48947,191,28402.942089,1,0
14.47481,361,28406.62336,2,1
16.77591,464,28411.328393,2,1
15.6319,258,28413.973278,2,1
16.16967,543,28419.473416,2,1
15.34293,210,28421.623338,2,1
15.37515,117,28422.86329,2,1
15.6332,306,28425.978377,2,1
15.08189,70,28426.728489,2,1
15.75652,266,28429.44841,2,1
15.52278,270,28432.219803,2,1
15.753,270,28434.978895,2,1
15.68861,369,28438.744415,2,1
15.87537,284,28441.693621,2,1
15.70734,274,28444.5036,2,1
15.21452,278,28447.348595,2,1
15.12669,81,28448.204752,2,1
15.36327,172,28450.000231,2,1
15.65858,399,28454.065294,2,1
15.29443,139,28455.509874,2,1
15.4193,165,28457.209991,2,1
15.41915,404,28461.343674,2,1
16.90691,502,28466.423893,2,1
15.30163,143,28467.908871,2,1
16.0812,349,28471.568916,2,1
-20.56847,17,28471.783748,1,0
15.36584,163,28473.468914,2,1
15.18678,124,28474.758783,2,1
15.4701,236,28477.183693,2,1
15.77632,333,28480.595115,2,1
15.34905,250,28483.151355,2,1
15.86952,279,28486.006462,2,1
15.3586,164,28487.706353,2,1
15.51023,297,28490.746408,2,1
15.47285,196,30034.480602,2,1
15.29493,142,30035.959821,2,1
15.71824,297,30038.995367,2,1
15.26469,161,30040.659878,2,1
-20.2075,44,30041.164686,1,0
11.67067,382,30045.054831,2,1
15.14159,284,30047.954791,2,1
10.01704,231,30050.336032,2,1
15.13972,63,30051.015677,2,1
15.82799,386,30054.940968,2,1
-19.12131,391,30058.930919,1,0
15.70948,295,30061.945853,2,1
15.10572,42,30062.421168,2,1
15.70327,390,30066.390973,2,1
15.63385,234,30068.806356,2,1
15.16912,105,30069.915844,2,1
16.0745,405,30074.045957,2,1
15.44404,184,30075.941752,2,1
15.69393,310,30079.133992,2,1
15.66741,325,30082.439156,2,1
15.5188,203,30084.528911,2,1
15.83288,319,30087.857765,2,1
15.92939,368,30091.627779,2,1
-20.26158,79,30092.497725,1,0
15.30231,160,30094.153522,2,1
15.51375,270,30096.932772,2,1
-20.22236,82,30097.808283,1,0
-20.02603,323,30101.102783,1,0
15.33541,153,30102.687685,2,1
3.28308,651,30109.294625,0,0
15.70402,317,30112.539592,2,1
-20.8086,46,30113.049467,1,0
-20.20576,134,30114.480386,1,0
-23.27251,361,30118.165514,1,0
15.2583,127,30119.56547,2,1
15.60236,258,30122.200337,2,1
15.34209,132,30123.616574,2,1
15.99857,313,30126.811644,2,1
16.10627,426,30131.151907,2,1
15.08836,208,30133.303817,2,1
15.29184,117,31681.770463,2,1
15.44211,164,31683.471334,2,1
15.58684,290,31686.456929,2,1
-20.19279,83,31687.341919,1,0
-21.81294,130,31688.715378,1,0
-20.51525,165,31690.425533,1,0
1.40367,651,31697.005432,0,0
-21.40318,172,31698.800935,1,0
-20.37183,365,31702.510517,1,0
15.89838,301,31705.596128,2,1
15.26529,104,31706.696954,2,1
-21.39023,116,31707.925696,1,0
-20.43096,88,31708.860437,1,0
15.11374,62,31709.531231,2,1
15.43472,298,31712.57573,2,1
15.3164,190,31714.531415,2,1
15.68045,313,31717.746844,2,1
15.08748,82,31718.6165,2,1
-20.20408,95,31719.627589,1,0
15.66052,246,31722.148071,2,1
15.22847,304,31725.261845,2,1
15.75747,540,31730.746942,2,1
-25.55282,321,31734.026819,1,0
15.44573,161,31735.710462,2,1
-20.12061,92,31736.685382,1,0
-21.70988,299,31739.730376,1,0
-20.27224,226,31742.070482,1,0
-19.59409,333,31745.480621,1,0
15.26497,490,31750.455676,2,1
15.25357,115,31751.66657,2,1
0.47345,651,31758.331329,0,0
15.61603,357,31761.985425,2,1
15.63739,220,31764.245342,2,1
-20.80268,169,31765.985411,1,0
-21.44882,341,31769.455355,1,0
15.28776,350,31773.041268,2,1
14.9041,194,31775.030455,2,1
15.74346,370,31778.800866,2,1
0.00291,651,31785.370625,0,0
14.8054,139,31786.820425,2,1
15.0817,86,33328.180172,2,1
15.84769,439,33332.645187,2,1
15.15038,111,33333.800124,2,1
15.51516,218,33336.030328,2,1
-21.60289,122,33337.311219,1,0
15.10937,95,33338.306988,2,1
15.29491,119,33339.546793,2,1
15.84944,404,33343.647943,2,1
17.87043,551,33349.23722,2,1
15.06978,51,33349.792479,2,1
15.11661,73,33350.572109,2,1
17.44117,499,33355.62729,2,1
15.18772,133,33357.01207,2,1
16.50803,289,33359.957198,2,1
15.98204,267,33362.67703,2,1
15.44507,351,33366.253144,2,1
15.75775,284,33369.153182,2,1
16.66155,418,33373.388176,2,1
16.9259,478,33378.307448,2,1
15.70758,284,33381.227352,2,1
16.11857,366,33384.973223,2,1
15.57695,217,33387.192575,2,1
15.60092,252,33389.783227,2,1
15.24928,194,33391.783164,2,1
15.18297,190,33393.766098,2,1
15.32968,135,33395.170227,2,1
-21.37695,68,33395.910218,1,0
15.72769,240,33398.360397,2,1
14.14928,310,33401.515518,2,1
15.3465,400,33405.581054,2,1
-19.62333,533,33411.000718,1,0
0.06342,651,33417.590849,0,0
16.29546,340,33421.046209,2,1
15.87835,333,33424.510737,2,1
16.4913,322,33427.79091,2,1
15.37648,154,33429.409441,2,1
15.5936,268,33432.139327,2,1
15.67737,250,33434.689461,2,1
14.93527,120,33435.93434,2,1
15.69254,225,33438.234365,2,1
-20.40764,343,34988.781038,1,0
15.0957,72,34989.550898,2,1
15.38919,239,34992.006053,2,1
15.20009,111,34993.171839,2,1
-22.00233,441,34997.665982,1,0
15.287,204,34999.761798,2,1
-20.78335,222,35002.056545,1,0
15.20454,112,35003.230739,2,1
15.18621,311,35006.401271,2,1
15.15768,97,35007.420925,2,1
15.32421,517,35012.660874,2,1
15.19365,66,35013.380951,2,1
15.26321,226,35015.690819,2,1
-21.49123,335,35019.096138,1,0
14.94716,85,35019.996682,2,1
14.83034,281,35022.865939,2,1
15.29651,257,35025.506848,2,1
15.11731,103,35026.590874,2,1
-21.26278,225,35028.901712,1,0
15.37885,272,35031.67594,2,1
-19.24781,326,35034.995783,1,0
15.33694,347,35038.52106,2,1
-20.16843,81,35039.385971,1,0
14.92766,610,35045.561071,2,1
15.35544,353,35049.14613,2,1
15.52374,331,35052.526198,2,1
16.06692,470,35057.296154,2,1
15.09603,70,35058.046192,2,1
16.04027,361,35061.721583,2,1
15.47875,317,35064.951107,2,1
15.08132,82,35065.825783,2,1
15.31328,155,35067.430943,2,1
-20.38,6,35067.550985,1,0
15.38556,135,35068.951135,2,1
15.27996,227,35071.276149,2,1
12.14592,574,35077.081085,2,1
15.32,348,35080.63775,2,1
-0.21285,651,35087.267429,0,0
15.07667,95,35088.296329,2,1
1.32563,651,35094.896284,0,0
-20.42518,78,36642.213066,1,0
14.91645,304,36645.308062,2,1
15.67098,212,36647.498284,2,1
-20.63456,87,36648.422976,1,0
-19.43395,85,36649.338418,1,0
15.604,237,36651.768029,2,1
15.64321,237,36654.198012,2,1
-23.13938,137,36655.633732,1,0
14.47072,322,36658.909149,2,1
15.38606,254,36661.514841,2,1
-20.40873,39,36661.964896,1,0
15.59257,209,36664.124903,2,1
-21.47407,601,36670.251,1,0
14.29549,386,36674.18796,2,1
1.04756,651,36680.787072,0,0
15.66928,289,36683.751701,2,1
14.72755,239,36686.202317,2,1
-20.32326,251,36688.762118,1,0
17.16618,501,36693.847146,2,1
16.25158,534,36699.252026,2,1
-22.76265,474,36704.056988,1,0
-20.73554,62,36704.726934,1,0
13.88485,490,36709.682177,2,1
16.08971,376,36713.530119,2,1
15.79053,345,36717.049472,2,1
15.14373,359,36720.699509,2,1
-20.44694,236,36723.120564,1,0
-23.51332,414,36727.355396,1,0
15.66291,234,36729.792089,2,1
-20.27354,81,36730.661989,1,0
-20.15056,96,36731.676955,1,0
-21.00829,233,36734.071975,1,0
15.1528,61,36734.736865,2,1
-21.01676,232,36737.128411,1,0
16.0743,319,36740.382413,2,1
15.26995,485,36745.307517,2,1
-1.68971,651,36751.899997,0,0
14.04537,315,36755.114898,2,1
15.30577,327,36758.482581,2,1
0.0957,651,36765.087607,0,0
15.46944,258,38312.839335,2,1
15.51716,281,38315.704298,2,1
-0.00582,651,38322.294241,0,0
15.62978,280,38325.179273,2,1
15.70627,284,38328.079641,2,1
15.08987,130,38329.429355,2,1
15.45833,263,38332.10977,2,1
15.09196,99,38333.144495,2,1
15.51501,199,38335.223814,2,1
0.00045,651,38341.817995,0,0
15.49728,301,38344.893023,2,1
15.32687,129,38346.238026,2,1
15.09849,55,38346.827991,2,1
15.48193,245,38349.333049,2,1
15.57681,192,38351.302927,2,1
15.09036,263,38353.98288,2,1
15.3661,189,38355.925799,2,1
15.71601,426,38360.256575,2,1
15.14778,113,38361.430959,2,1
15.80221,308,38364.586645,2,1
15.07901,104,38365.680665,2,1
15.58409,296,38368.690784,2,1
15.15024,105,38369.7906,2,1
15.30896,113,38370.975684,2,1
15.2715,128,38372.305791,2,1
15.21384,164,38373.996629,2,1
15.27203,110,38375.145623,2,1
15.45908,292,38378.125728,2,1
15.43156,292,38381.10723,2,1
15.40862,167,38382.823172,2,1
15.42999,271,38385.587163,2,1
15.23598,107,38386.702219,2,1
16.18816,448,38391.252036,2,1
15.70257,256,38393.862205,2,1
15.1621,127,38395.176946,2,1
15.45583,213,38397.352225,2,1
-0.00582,651,38403.947149,0,0
15.36551,206,38406.058023,2,1
15.30785,160,38407.707202,2,1
15.68175,290,38410.657138,2,1
15.21522,71,39960.715171,2,1
15.61147,224,39963.010013,2,1
15.11031,38,39963.444875,2,1
15.66862,211,39965.616004,2,1
0.67835,651,39972.215214,0,0
-5.37522,221,39974.480684,1,0
14.70264,240,39976.950536,2,1
15.79011,314,39980.160064,2,1
15.59924,253,39982.745443,2,1
0.75629,651,39989.340092,0,0
15.45966,173,39991.125992,2,1
15.53607,207,39993.245832,2,1
15.21393,76,39994.060801,2,1
-21.05455,143,39995.550802,1,0
15.15352,79,39996.396081,2,1
16.24276,372,40000.186063,2,1
15.23447,183,40002.071021,2,1
15.27645,218,40004.323393,2,1
15.11559,68,40005.053584,2,1
-1.80146,651,40011.638839,0,0
-24.72342,612,40017.848545,1,0
15.42411,144,40019.343498,2,1
15.2326,115,40020.548787,2,1
0.16351,651,40027.139381,0,0
14.9926,209,40029.283637,2,1
15.48576,217,40031.518467,2,1
15.24188,96,40032.533344,2,1
15.63067,289,40035.483543,2,1
15.48086,176,40037.308542,2,1
15.67984,263,40040.004233,2,1
15.42393,187,40041.954488,2,1
15.71631,227,40044.298468,2,1
15.3728,387,40048.238525,2,1
15.57559,301,40051.328633,2,1
15.69598,349,40054.878756,2,1
15.87305,442,40059.421773,2,1
15.50463,250,40061.982277,2,1
15.46218,185,40063.876628,2,1
15.37681,151,40065.451693,2,1
15.30522,202,40067.540396,2,1
15.46991,181,41615.56259,2,1
15.32931,149,41617.107501,2,1
15.25542,138,41618.542485,2,1
15.2403,141,41620.007529,2,1
15.33304,176,41621.822872,2,1
-20.64558,183,41623.703627,1,0
-20.35909,98,41624.732823,1,0
15.2742,134,41626.127504,2,1
15.50989,209,41628.301956,2,1
15.48699,159,41629.949765,2,1
15.18534,67,41630.674567,2,1
15.667,264,41633.370046,2,1
15.29367,222,41635.644881,2,1
15.23504,140,41637.111104,2,1
15.53912,233,41639.506139,2,1
15.59437,199,41641.560932,2,1
15.83034,271,41644.341097,2,1
15.41097,232,41646.721787,2,1
14.81001,295,41649.751845,2,1
15.31098,189,41651.696911,2,1
-21.63582,151,41653.267156,1,0
15.6474,294,41656.281888,2,1
15.42414,153,41657.871909,2,1
15.24152,155,41659.471981,2,1
0.03007,651,41666.072067,0,0
-20.17893,183,41667.98182,1,0
15.45658,171,41669.746808,2,1
15.1746,96,41670.766845,2,1
15.62628,222,41673.042805,2,1
15.69339,265,41675.758393,2,1
17.4649,645,41682.283428,2,1
16.13528,387,41686.22769,2,1
15.59946,241,41688.698479,2,1
15.71023,249,41691.24775,2,1
15.06494,81,41692.177645,2,1
15.53089,319,41695.432641,2,1
15.67725,212,41697.607631,2,1
15.19244,149,41699.152879,2,1
-20.48774,22,41699.427753,1,0
12.7508,336,41702.882781,2,1
15.21177,107,43248.247953,2,1
15.25652,236,43250.668154,2,1
15.22906,124,43251.973642,2,1
15.76637,246,43254.513032,2,1
-19.51302,171,43256.303159,1,0
15.89337,276,43259.122995,2,1
15.11048,71,43259.887885,2,1
-18.7723,396,43263.922907,1,0
15.62879,224,43266.222916,2,1
15.67707,402,43270.292998,2,1
15.77126,301,43273.404426,2,1
-20.56305,84,43274.29943,1,0
-19.08512,384,43278.214429,1,0
15.67458,269,43280.989312,2,1
15.41497,135,43282.409703,2,1
-20.84267,104,43283.499334,1,0
15.56752,242,43285.989842,2,1
-21.15916,124,43287.299352,1,0
0.01467,651,43293.890002,0,0
16.42281,403,43298.034826,2,1
0.43152,651,43304.678113,0,0
15.37553,146,43306.19107,2,1
15.71262,252,43308.791196,2,1
16.21678,386,43312.750029,2,1
15.69427,319,43316.020085,2,1
15.91297,327,43319.413409,2,1
-20.29268,348,43322.953322,1,0
15.69063,239,43325.413122,2,1
15.39071,156,43327.03963,2,1
-19.33433,131,43328.413278,1,0
12.16384,472,43333.208478,2,1
15.26056,88,43334.13838,2,1
0.33326,651,43340.723678,0,0
-19.88504,153,43342.308534,1,0
15.14856,295,43345.323433,2,1
14.98861,106,43346.463638,2,1
15.30243,101,43347.528248,2,1
15.17284,166,43349.253407,2,1
15.30858,108,43350.393506,2,1
-20.18964,410,43354.548579,1,0
15.24595,153,44899.94138,2,1
15.24746,227,44902.266186,2,1
-20.29477,242,44904.75123,1,0
15.2207,151,44906.316238,2,1
15.75425,224,44908.626262,2,1
16.10923,433,44913.031473,2,1
15.62688,363,44916.726325,2,1
15.17484,346,44920.246156,2,1
0.25829,651,44926.825843,0,0
15.3666,415,44931.040868,2,1
15.30458,172,44932.815508,2,1
15.19562,120,44934.070505,2,1
15.90303,283,44936.985834,2,1
-1.3335,651,44943.55568,0,0
15.05374,125,44944.865567,2,1
15.3351,119,44946.118352,2,1
14.76273,336,44949.534151,2,1
15.54769,175,44951.338393,2,1
0.41479,651,44957.933493,0,0
-20.48237,153,44959.518456,1,0
15.7396,418,44963.825011,2,1
-20.12086,141,44965.289229,1,0
0.38568,651,44971.879284,0,0
0.56598,651,44978.489931,0,0
15.50953,198,44980.525268,2,1
15.68175,299,44983.589916,2,1
-0.08019,651,44990.187355,0,0
15.65692,335,44993.606481,2,1
15.36471,114,44994.806602,2,1
16.70099,552,45000.420038,2,1
-0.46772,651,45006.984993,0,0
15.6163,476,45011.865044,2,1
2.42668,651,45018.455203,0,0
15.88663,283,45021.354995,2,1
16.75722,322,45024.645534,2,1
16.64574,436,45029.111412,2,1
-0.03414,651,45035.701731,0,0
15.16746,62,45036.381378,2,1
15.38106,135,45037.796565,2,1
-0.03117,651,45044.362319,0,0
15.36149,197,46590.71356,2,1
15.14004,282,46593.588486,2,1
15.61109,212,46595.768728,2,1
14.41248,245,46598.274189,2,1
15.55292,270,46601.047487,2,1
14.98147,190,46603.002449,2,1
15.10531,188,46604.943422,2,1
15.31708,149,46606.487399,2,1
14.84443,192,46608.490287,2,1
17.2884,646,46615.023162,2,1
-20.6913,29,46615.367846,1,0
15.21786,429,46619.728231,2,1
-20.50885,99,46620.77318,1,0
15.19989,121,46622.038287,2,1
14.91541,111,46623.198637,2,1
-20.72463,174,46625.013167,1,0
14.99582,105,46626.124521,2,1
14.34213,299,46629.184388,2,1
15.10494,159,46630.83536,2,1
15.06229,180,46632.689612,2,1
-1.10884,651,46639.280422,0,0
16.65478,636,46645.735133,2,1
-19.6985,375,46649.554505,1,0
15.12309,221,46651.829473,2,1
-21.29843,197,46653.854635,1,0
17.20713,484,46658.775691,2,1
15.81602,364,46662.480726,2,1
15.02065,181,46664.350573,2,1
15.16895,128,46665.680743,2,1
15.12709,188,46667.620606,2,1
15.18385,337,46671.041389,2,1
-20.22527,59,46671.685835,1,0
15.49248,242,46674.165692,2,1
15.33603,209,46676.305765,2,1
15.22083,295,46679.315601,2,1
15.66609,377,46683.175682,2,1
15.80731,366,46686.900732,2,1
15.01356,204,46688.990756,2,1
15.26975,107,46690.110656,2,1
15.34159,241,46692.585702,2,1
15.64872,410,48244.812109,2,1
15.34737,183,48246.712057,2,1
15.34134,139,48248.157083,2,1
15.4212,223,48250.447231,2,1
12.70136,484,48255.362746,2,1
15.09082,340,48258.822179,2,1
15.68538,309,48261.977188,2,1
15.2533,223,48264.262124,2,1
15.67937,219,48266.507665,2,1
15.2138,154,48268.102728,2,1
15.17862,94,48269.103084,2,1
15.35282,190,48271.052704,2,1
-21.0647,309,48274.217781,1,0
15.4943,241,48276.682521,2,1
15.42275,170,48278.43265,2,1
15.41036,160,48280.082597,2,1
15.23212,79,48280.93281,2,1
15.4061,180,48282.794432,2,1
15.18372,197,48284.829294,2,1
15.10818,134,48286.235253,2,1
15.43521,150,48287.789252,2,1
0.39759,651,48294.369814,0,0
-0.38824,651,48300.954483,0,0
15.81043,301,48304.030002,2,1
15.2257,178,48305.864559,2,1
-2.67517,651,48312.439672,0,0
15.08857,58,48313.069649,2,1
15.50538,244,48315.574641,2,1
-20.8781,198,48317.629591,1,0
15.35888,246,48320.164764,2,1
14.922,151,48321.734568,2,1
15.18602,92,48322.704691,2,1
-20.25281,105,48323.824578,1,0
15.4492,195,48325.824624,2,1
15.13056,138,48327.25462,2,1
15.86315,294,48330.270703,2,1
15.71383,260,48332.925577,2,1
15.55326,210,48335.086156,2,1
-20.27176,159,48336.731136,1,0
15.06117,80,48337.585478,2,1
15.73256,304,49886.911983,2,1
15.61153,276,49889.746835,2,1
15.33284,220,49892.0175,2,1
15.36019,211,49894.222172,2,1
15.34459,300,49897.302075,2,1
15.24341,126,49898.627222,2,1
15.47476,299,49901.712121,2,1
15.2726,196,49903.746991,2,1
-20.02902,336,49907.167251,1,0
15.89631,421,49911.441874,2,1
15.05662,86,49912.432014,2,1
15.1951,193,49914.416868,2,1
15.18918,182,49916.286852,2,1
15.3776,226,49918.60215,2,1
-23.37071,288,49921.557374,1,0
-20.14205,134,49922.971906,1,0
15.45012,187,49924.891827,2,1
15.20349,178,49926.726836,2,1
-0.67082,651,49933.345578,0,0
15.67982,323,49936.630508,2,1
15.36394,186,49938.575487,2,1
15.24807,269,49941.338427,2,1
16.25235,432,49945.723153,2,1
-26.222,377,49949.563935,1,0
15.07547,87,49950.487987,2,1
15.39909,190,49952.438015,2,1
15.13582,196,49954.448013,2,1
15.56356,268,49957.208148,2,1
2.61945,651,49963.809851,0,0
-18.81804,170,49965.568864,1,0
15.54084,189,49967.514766,2,1
15.0844,82,49968.388787,2,1
15.99912,361,49972.063883,2,1
-22.85498,459,49976.728981,1,0
15.56898,197,49978.753919,2,1
15.66204,467,49983.499985,2,1
-20.8454,119,49984.738937,1,0
-20.92008,123,49986.058829,1,0
15.25872,194,49988.058767,2,1
-20.92394,142,49989.548987,1,0
15.64746,219,51538.181622,2,1
16.96005,532,51543.586718,2,1
15.36267,187,51545.511952,2,1
-21.08596,56,51546.126729,1,0
0.62343,651,51552.721789,0,0
15.38272,164,51554.421623,2,1
15.31726,129,51555.761651,2,1
15.43284,162,51557.431668,2,1
15.6733,258,51560.066656,2,1
15.73857,237,51562.497167,2,1
-0.54784,651,51569.151883,0,0
2.23389,651,51575.761652,0,0
15.606,265,51578.498154,2,1
15.29205,176,51580.346649,2,1
15.42737,163,51582.041796,2,1
-1.50585,651,51588.636908,0,0
-18.9846,484,51593.591801,1,0
-20.30164,5,51593.696754,1,0
15.57414,265,51596.416834,2,1
15.49801,248,51598.995704,2,1
15.23042,221,51601.260609,2,1
-19.99031,139,51602.710543,1,0
15.30863,282,51605.590748,2,1
15.47542,272,51608.400748,2,1
16.32757,386,51612.32589,2,1
1.91315,651,51618.910838,0,0
15.14519,265,51621.630759,2,1
-1.43931,651,51628.215828,0,0
15.64567,232,51630.59583,2,1
1.67595,651,51637.203846,0,0
15.30596,101,51638.272654,2,1
-20.12951,140,51639.733615,1,0
15.3273,378,51643.587689,2,1
15.3736,220,51645.842784,2,1
15.07569,60,51646.492596,2,1
15.69654,267,51649.222588,2,1
0.15045,651,51655.81882,0,0
15.2639,112,51657.002898,2,1
15.34508,205,51659.112738,2,1
14.84083,291,51662.092771,2,1
15.44056,206,53210.579546,2,1
15.26547,90,53211.534674,2,1
-19.85805,200,53213.609639,1,0
15.55131,233,53215.994977,2,1
15.33153,249,53218.585447,2,1
15.70142,292,53221.575685,2,1
15.33126,150,53223.13043,2,1
15.29337,116,53224.345202,2,1
15.3095,125,53225.660558,2,1
16.35414,400,53229.730331,2,1
12.77021,226,53232.050294,2,1
16.83563,285,53234.971375,2,1
15.49326,155,53236.590379,2,1
15.72064,269,53239.340288,2,1
15.42217,430,53243.770463,2,1
15.40779,244,53246.2654,2,1
-20.15334,122,53247.565509,1,0
15.24515,84,53248.465346,2,1
12.50278,286,53251.39087,2,1
15.64995,302,53254.480323,2,1
15.44684,214,53256.690384,2,1
-20.55608,57,53257.31036,1,0
17.00233,448,53261.860605,2,1
15.47511,184,53263.750468,2,1
14.99456,262,53266.430423,2,1
-20.09955,1,53266.495066,1,0
15.19974,76,53267.315641,2,1
15.72368,309,53270.480356,2,1
-20.30526,189,53272.435431,1,0
16.89054,452,53277.027543,2,1
2.16673,651,53283.633157,0,0
15.51873,175,53285.45247,2,1
15.15,72,53286.232642,2,1
15.33402,177,53288.057544,2,1
15.69888,234,53290.458951,2,1
14.90453,500,53295.524137,2,1
-20.80638,47,53296.053991,1,0
15.53157,220,53298.319549,2,1
15.4974,284,53301.224023,2,1
15.71349,288,53304.184061,2,1
15.46864,238,54854.398288,2,1
0.02577,651,54860.988477,0,0
15.32511,129,54862.342891,2,1
15.70616,357,54865.988027,2,1
15.07547,79,54866.8328,2,1
14.49303,357,54870.505378,2,1
2.65136,651,54877.086102,0,0
15.86572,305,54880.220386,2,1
-20.12932,194,54882.215348,1,0
-20.62055,217,54884.435671,1,0
15.37128,200,54886.505729,2,1
15.77736,278,54889.345383,2,1
15.92749,306,54892.4762,2,1
-21.16004,119,54893.720156,1,0
-20.5501,73,54894.505306,1,0
15.49654,186,54896.4308,2,1
15.50292,326,54899.760471,2,1
-20.37742,189,54901.705179,1,0
-20.30715,180,54903.570843,1,0
-19.56194,432,54907.965451,1,0
15.02458,155,54909.58045,2,1
-19.8504,184,54911.480338,1,0
15.65855,232,54913.85526,2,1
15.66122,278,54916.718971,2,1
-21.99457,557,54922.344178,1,0
15.59527,238,54924.778651,2,1
-19.95021,447,54929.323836,1,0
15.51973,199,54931.363698,2,1
15.41658,132,54932.743639,2,1
-20.44185,211,54934.914106,1,0
15.33051,110,54936.128532,2,1
15.29993,233,54938.52393,2,1
-21.8655,219,54940.76913,1,0
15.48384,236,54943.196798,2,1
-20.25383,74,54944.006994,1,0
15.47217,270,54946.766769,2,1
-20.99974,70,54947.52169,1,0
17.28624,504,54952.637751,2,1
15.57547,395,54956.661767,2,1
15.49773,171,54958.426812,2,1
15.22247,129,56503.769984,2,1
0.02379,651,56510.402817,0,0
2.47473,651,56516.982802,0,0
15.17433,59,56517.622544,2,1
0.35196,651,56524.182712,0,0
15.21663,82,56525.052595,2,1
15.63672,230,56527.422843,2,1
15.33234,162,56529.092703,2,1
15.37695,161,56530.753117,2,1
15.58762,202,56532.817654,2,1
15.97922,297,56535.850319,2,1
15.37324,159,56537.505287,2,1
15.38068,176,56539.305326,2,1
14.72461,391,56543.280433,2,1
11.35794,480,56548.204001,2,1
13.49661,252,56550.783926,2,1
15.33734,134,56552.173869,2,1
1.18852,651,56558.76972,0,0
-22.02119,126,56560.078538,1,0
15.62108,213,56562.253878,2,1
11.69924,350,56565.813849,2,1
1.42301,651,56572.390112,0,0
-0.47018,651,56579.006134,0,0
15.61406,238,56581.436661,2,1
-21.19207,247,56583.975566,1,0
15.72782,287,56586.905672,2,1
0.04101,651,56593.565517,0,0
15.73329,234,56595.960522,2,1
15.32853,195,56597.95532,2,1
15.85149,291,56600.931996,2,1
15.52101,196,56602.944551,2,1
15.5051,202,56605.00956,2,1
15.6939,234,56607.409679,2,1
16.05754,311,56610.585532,2,1
0.00045,651,56617.16482,0,0
15.6175,233,56619.545501,2,1
15.2962,121,56620.809862,2,1
15.54023,190,56622.759696,2,1
15.62061,272,56625.529707,2,1
15.31203,104,56626.619513,2,1
15.5966,233,58169.923813,2,1
15.55053,179,58171.764025,2,1
15.56418,204,58173.853876,2,1
15.18993,93,58174.828655,2,1
15.42189,142,58176.298934,2,1
15.74705,228,58178.623868,2,1
16.58095,389,58182.573925,2,1
-20.29162,120,58183.834001,1,0
15.62613,227,58186.153845,2,1
15.2592,102,58187.219403,2,1
15.45497,153,58188.799741,2,1
15.28907,121,58190.058815,2,1
16.2558,542,58195.544039,2,1
15.76539,240,58198.024024,2,1
15.72658,306,58201.143947,2,1
15.21131,237,58203.563842,2,1
16.58906,544,58209.084762,2,1
15.11408,67,58209.804872,2,1
15.1399,96,58210.814535,2,1
15.79214,291,58213.794745,2,1
16.24362,575,58219.634761,2,1
15.26487,101,58220.694365,2,1
15.3092,154,58222.284949,2,1
-20.86533,62,58222.949589,1,0
15.78894,262,58225.624857,2,1
15.10378,48,58226.149635,2,1
-21.24328,82,58227.019555,1,0
16.8899,513,58232.284988,2,1
15.88642,300,58235.344975,2,1
15.25451,88,58236.269406,2,1
15.51567,178,58238.099504,2,1
15.7357,271,58240.884594,2,1
15.11729,61,58241.544613,2,1
15.60658,249,58244.104697,2,1
15.36329,134,58245.489666,2,1
15.55955,208,58247.619921,2,1
15.48459,197,58249.66968,2,1
15.4959,177,58251.49466,2,1
15.88209,289,58254.487112,2,1
15.65075,222,58256.777216,2,1
15.39838,257,59810.058699,2,1
15.59363,327,59813.422266,2,1
13.83863,459,59818.067126,2,1
-21.02972,76,59818.887128,1,0
15.41629,172,59820.661983,2,1
-20.47875,23,59820.947706,1,0
15.64523,284,59823.853056,2,1
15.58391,521,59829.142119,2,1
15.26783,215,59831.356932,2,1
-24.30618,163,59833.057581,1,0
15.76854,285,59835.977133,2,1
-0.30921,651,59842.596979,0,0
15.48143,341,59846.071617,2,1
14.96069,365,59849.802023,2,1
-20.20294,165,59851.506949,1,0
15.61019,303,59854.606783,2,1
1.05135,651,59861.207842,0,0
-21.55133,183,59863.09693,1,0
-20.21842,414,59867.348188,1,0
15.06483,127,59868.678247,2,1
15.53698,225,59870.99332,2,1
15.55496,195,59872.998516,2,1
15.38715,338,59876.446157,2,1
15.11706,307,59879.575574,2,1
15.08136,58,59880.210097,2,1
15.57345,278,59883.055457,2,1
15.47616,214,59885.255394,2,1
16.01322,389,59889.230376,2,1
15.58387,361,59892.915161,2,1
15.40181,206,59895.035226,2,1
15.04217,282,59897.915137,2,1
14.40961,329,59901.265243,2,1
15.51277,221,59903.535361,2,1
15.217,255,59906.135271,2,1
-35.84993,651,59912.722043,0,0
-21.90414,195,59914.735879,1,0
-20.9946,88,59915.750747,1,0
-0.49082,651,59922.355474,0,0
15.19797,174,59924.160217,2,1
14.54029,472,59928.945314,2,1
15.37776,194,61481.101485,2,1
15.37051,246,61483.636484,2,1
2.1165,651,61490.266642,0,0
15.43032,216,61492.491362,2,1
16.15816,474,61497.287159,2,1
15.45481,247,61499.816385,2,1
15.92578,447,61504.371538,2,1
0.46753,651,61510.972941,0,0
-20.51364,164,61512.672882,1,0
14.69213,430,61517.038709,2,1
-0.48346,651,61523.618139,0,0
15.36759,137,61525.048013,2,1
15.56884,268,61527.787999,2,1
-22.77832,354,61531.442723,1,0
-23.04849,97,61532.467748,1,0
-20.10971,229,61534.842781,1,0
15.27775,190,61536.792489,2,1
-18.39458,595,61542.842675,1,0
15.65223,298,61545.882455,2,1
15.64957,345,61549.407488,2,1
-2.573,651,61556.003288,0,0
0.08983,651,61562.666321,0,0
15.55473,262,61565.366149,2,1
14.89755,95,61566.391003,2,1
15.417,326,61569.776087,2,1
-21.16078,131,61571.136544,1,0
15.36927,171,61572.895959,2,1
-21.85025,132,61574.272811,1,0
13.69087,465,61579.049087,2,1
-24.98256,191,61581.034714,1,0
15.36794,239,61583.488941,2,1
15.40871,180,61585.353925,2,1
-20.13787,214,61587.548986,1,0
-21.00572,261,61590.213995,1,0
15.30781,241,61592.674455,2,1
-20.97398,109,61593.829042,1,0
15.36718,268,61596.573339,2,1
0.00924,651,61603.162683,0,0
15.67532,311,61606.342617,2,1
-22.44351,136,61607.76828,1,0
-21.24449,153,63157.900821,1,0
15.77247,381,63161.771639,2,1
15.61323,325,63165.085282,2,1
14.50756,239,63167.530747,2,1
-1.59218,651,63174.128553,0,0
15.43723,181,63175.988111,2,1
15.20615,119,63177.228342,2,1
14.06763,356,63180.843412,2,1
15.11307,51,63181.399148,2,1
15.59184,333,63184.79847,2,1
15.07701,108,63185.923286,2,1
14.99537,120,63187.168456,2,1
15.29364,186,63189.078328,2,1
15.04941,69,63189.813352,2,1
15.1707,105,63190.935681,2,1
15.61061,222,63193.211303,2,1
15.65029,311,63196.381879,2,1
15.60787,220,63198.631185,2,1
-0.09909,651,63205.22855,0,0
15.92449,263,63207.918257,2,1
15.65003,312,63211.097917,2,1
18.54899,651,63217.748054,0,0
15.22884,150,63219.319379,2,1
15.68526,348,63222.859702,2,1
15.13855,93,63223.834881,2,1
15.76806,298,63226.869961,2,1
15.8192,294,63229.889758,2,1
15.62852,203,63231.970293,2,1
15.19605,223,63234.244761,2,1
15.4852,221,63236.514628,2,1
15.56372,187,63238.429651,2,1
14.92697,156,63240.034706,2,1
15.11817,56,63240.639776,2,1
15.69452,385,63244.544744,2,1
-0.00282,651,63251.146872,0,0
15.72577,370,63254.912462,2,1
15.86128,314,63258.106684,2,1
15.57471,340,63261.566761,2,1
0.34415,651,63268.187123,0,0
0.00291,651,63274.806879,0,0
15.07491,92,64823.026717,2,1
16.85875,458,64827.686276,2,1
17.25477,626,64834.047868,2,1
17.11114,340,64837.50288,2,1
15.62338,232,64839.882761,2,1
15.31949,107,64841.002682,2,1
15.43989,217,64843.23358,2,1
15.13361,110,64844.402019,2,1
-20.94626,43,64844.902053,1,0
-19.56677,409,64849.056922,1,0
15.67435,269,64851.812051,2,1
15.87107,277,64854.646969,2,1
15.15913,87,64855.56698,2,1
15.71259,353,64859.22702,2,1
12.65313,392,64863.237751,2,1
0.39009,651,64869.792678,0,0
15.22178,109,64870.927693,2,1
15.26156,122,64872.202704,2,1
15.53283,242,64874.672703,2,1
15.88705,293,64877.66761,2,1
15.4479,149,64879.20276,2,1
15.51858,245,64881.703003,2,1
15.65559,229,64884.052631,2,1
15.25251,129,64885.387574,2,1
15.48706,239,64887.822553,2,1
17.13777,502,64892.917577,2,1
15.55179,196,64894.927737,2,1
16.18424,399,64899.002957,2,1
15.23439,127,64900.328106,2,1
15.7191,237,64902.753959,2,1
15.88102,340,64906.217715,2,1
15.47049,159,64907.857531,2,1
1.63985,651,64914.502542,0,0
16.40666,380,64918.429315,2,1
15.70071,295,64921.444263,2,1
0.84347,651,64928.01442,0,0
15.66937,255,64930.6143,2,1
17.40592,608,64936.7695,2,1
15.40172,132,64938.144239,2,1
15.74908,280,64940.9997,2,1
15.49149,214,66486.82058,2,1
2.06835,651,66493.405689,0,0
15.04751,56,66494.010169,2,1
15.37874,206,66496.130438,2,1
15.63996,231,66498.500444,2,1
15.49703,214,66500.685377,2,1
18.00129,598,66506.771216,2,1
15.33284,118,66508.085749,2,1
-19.93293,390,66512.045455,1,0
-20.19915,229,66514.38046,1,0
15.38171,155,66516.018456,2,1
15.65379,246,66518.53366,2,1
15.26524,106,66519.644063,2,1
-2.04609,651,66526.228593,0,0
17.42928,550,66531.788497,2,1
15.39068,250,66534.373869,2,1
15.25246,190,66536.328264,2,1
15.82995,347,66539.858628,2,1
0.01461,651,66546.44368,0,0
15.11994,156,66548.053604,2,1
16.88813,487,66553.002198,2,1
0.24821,651,66559.567015,0,0
15.08462,67,66560.281407,2,1
15.45984,253,66562.862345,2,1
15.63881,324,66566.162327,2,1
15.29539,188,66568.092002,2,1
15.72874,250,66570.647321,2,1
15.34686,239,66573.088146,2,1
15.1786,110,66574.232076,2,1
15.34732,119,66575.472299,2,1
15.47083,267,66578.197305,2,1
15.06956,63,66578.87314,2,1
15.06524,61,66579.527313,2,1
-20.39025,275,66582.342678,1,0
15.75408,251,66584.907335,2,1
15.3951,188,66586.830132,2,1
15.29529,154,66588.415306,2,1
15.28747,119,66589.670223,2,1
15.11655,122,66590.940245,2,1
15.19888,107,66592.055201,2,1
15.28516,212,68135.241925,2,1
15.19805,141,68136.702761,2,1
15.21723,161,68138.362799,2,1
-20.52351,286,68141.286755,1,0
15.49836,222,68143.556839,2,1
12.08039,544,68149.066833,2,1
0.00495,651,68155.646801,0,0
0.15619,651,68162.245677,0,0
0.60503,651,68168.820698,0,0
15.03967,118,68170.045821,2,1
15.5962,238,68172.485757,2,1
15.17468,188,68174.415772,2,1
15.2213,239,68176.850827,2,1
0.08532,651,68183.435859,0,0
15.17887,149,68184.975692,2,1
0.63082,651,68191.563725,0,0
15.30572,209,68193.703573,2,1
15.00418,176,68195.513398,2,1
15.81827,549,68201.085418,2,1
15.09684,117,68202.310589,2,1
15.12408,172,68204.095431,2,1
17.4202,568,68209.872431,2,1
0.58002,651,68216.447777,0,0
1.29791,651,68223.025398,0,0
0.86368,651,68229.6738,0,0
15.5766,308,68232.814551,2,1
3.21831,651,68239.440065,0,0
-2.7803,651,68246.019896,0,0
15.32172,214,68248.209891,2,1
15.49927,184,68250.099845,2,1
14.99487,87,68251.023853,2,1
15.30242,221,68253.294056,2,1
0.00291,651,68259.864512,0,0
0.00495,651,68266.434247,0,0
0.36531,651,68273.014135,0,0
0.17248,651,68279.579394,0,0
15.39581,218,68281.80417,2,1
0.01996,651,68288.373445,0,0
15.07668,27,68288.688193,2,1
0.23807,651,68295.258341,0,0
15.24208,112,69841.445743,2,1
15.22574,227,69843.766171,2,1
15.83954,439,69848.234356,2,1
15.73319,283,69851.153396,2,1
-23.71195,150,69852.703511,1,0
15.65086,318,69855.939453,2,1
15.26659,147,69857.463423,2,1
15.40916,176,69859.29295,2,1
15.37409,167,69861.012575,2,1
15.76067,298,69864.053395,2,1
15.71367,327,69867.39235,2,1
15.77081,335,69870.827534,2,1
15.71681,293,69873.812282,2,1
15.23172,145,69875.312062,2,1
15.19573,108,69876.438222,2,1
-0.03592,651,69883.002706,0,0
15.12896,58,69883.627679,2,1
15.58702,224,69885.922402,2,1
-0.01074,651,69892.504907,0,0
15.3852,329,69895.858916,2,1
15.81471,419,69900.110253,2,1
-0.00846,651,69906.664769,0,0
15.11648,57,69907.289838,2,1
15.97198,349,69910.840819,2,1
15.80412,293,69913.842272,2,1
16.19133,381,69917.716585,2,1
15.49937,213,69919.896568,2,1
15.19931,89,69920.831322,2,1
15.2639,131,69922.192285,2,1
15.54836,229,69924.536643,2,1
15.36476,162,69926.271986,2,1
15.36649,194,69928.261344,2,1
15.30622,129,69929.601275,2,1
15.25705,165,69931.301424,2,1
15.46278,167,69933.026767,2,1
15.68631,284,69935.931565,2,1
15.40098,163,69937.611691,2,1
0.46407,651,69944.197089,0,0
15.35117,264,69946.897356,2,1
-20.51461,231,69949.261656,1,0
15.14676,129,71494.779675,2,1
15.24526,116,71495.999742,2,1
15.37875,166,71497.744864,2,1
14.07498,393,71501.734616,2,1
15.14503,164,71503.424617,2,1
15.45147,141,71504.879568,2,1
15.75873,291,71507.849662,2,1
14.53866,409,71511.994714,2,1
15.28025,149,71513.529384,2,1
16.50385,387,71517.464669,2,1
15.48002,215,71519.665293,2,1
15.13891,81,71520.519612,2,1
15.55428,188,71522.454445,2,1
0.04683,651,71529.02539,0,0
14.81213,456,71533.64477,2,1
15.84833,291,71536.609697,2,1
15.88398,339,71540.074681,2,1
15.85339,265,71542.772349,2,1
15.50458,202,71544.837363,2,1
16.03633,361,71548.52289,2,1
0.13796,651,71555.092479,0,0
17.85162,289,71558.048138,2,1
15.47085,180,71559.897216,2,1
0.00651,651,71566.483355,0,0
15.69438,243,71568.967435,2,1
-21.04774,177,71570.782253,1,0
15.35005,159,71572.423323,2,1
14.50081,235,71574.827851,2,1
15.08297,76,71575.637396,2,1
15.24868,138,71577.072069,2,1
15.30582,146,71578.582098,2,1
15.31864,160,71580.232104,2,1
15.3107,144,71581.72801,2,1
16.16716,379,71585.595645,2,1
12.08233,330,71588.960588,2,1
15.81248,281,71591.826,2,1
15.85516,289,71594.790678,2,1
0.55749,651,71601.366169,0,0
15.48645,152,71602.946049,2,1
16.00289,342,71606.420781,2,1
